{
  "prompt_v1_scores": {
    "faithfulness": 0.9536493506493505,
    "answer_relevancy": 0.9029761489159699,
    "context_recall": 1.0,
    "context_precision": 0.9416666665930835
  },
  "prompt_v2_scores": {
    "faithfulness": 0.8710079365079366,
    "answer_relevancy": 0.8980366994560844,
    "context_recall": 1.0,
    "context_precision": 0.9449999999265835
  },
  "target_met": true
}